<manifest version="1.0" type="device">
    <hal format="hidl">
        <name>android.hardware.graphics.allocator</name>
        <transport arch="32">passthrough</transport>
        <version>2.0</version>
        <interface>
            <name>IAllocator</name>
            <instance>default</instance>
        </interface>
    </hal>
    <hal format="hidl">
        <name>android.hardware.wifi</name>
        <transport>hwbinder</transport>
        <version>1.0</version>
        <interface>
            <name>IWifi</name>
            <instance>default</instance>
        </interface>
    </hal>
    <hal format="hidl">
        <name>android.hardware.wifi.supplicant</name>
        <transport>hwbinder</transport>
        <version>1.0</version>
        <interface>
            <name>ISupplicant</name>
            <instance>default</instance>
        </interface>
    </hal>
    <hal format="hidl">
        <name>android.hardware.configstore</name>
        <transport>hwbinder</transport>
        <version>1.0</version>
        <interface>
            <name>ISurfaceFlingerConfigs</name>
            <instance>default</instance>
        </interface>
    </hal>
    <hal format="hidl">
        <name>android.hardware.graphics.mapper</name>
        <transport arch="32">passthrough</transport>
        <version>2.0</version>
        <interface>
            <name>IMapper</name>
            <instance>default</instance>
        </interface>
    </hal>
    <hal format="hidl">
        <name>android.hardware.nfc</name>
        <transport arch="32">passthrough</transport>
        <version>1.0</version>
        <interface>
            <name>INfc</name>
            <instance>default</instance>
        </interface>
    </hal>
    <hal format="hidl">
        <name>android.hardware.ir</name>
        <transport arch="32">passthrough</transport>
        <version>1.0</version>
        <interface>
            <name>IConsumerIr</name>
            <instance>default</instance>
        </interface>
    </hal>
</manifest>
