<?xml version="1.0" encoding="ISO-8859-1"?>

<mixer>
	<!-- GT-I9301I_EUR_XX (s3ve3g) ======================================= -->
	<!-- These are the initial mixer settings -->
	<!-- reset RX part -->
	<ctl name="SLIMBUS_0_RX Audio Mixer MultiMedia1" value="0" />
	<ctl name="SLIMBUS_0_RX Audio Mixer MultiMedia2" value="0" />
	<ctl name="SLIMBUS_0_RX Audio Mixer MultiMedia3" value="0" />
	<ctl name="SLIMBUS_0_RX Audio Mixer MultiMedia4" value="0" />
	<ctl name="SLIMBUS_0_RX Audio Mixer MultiMedia5" value="0" />
	<ctl name="SLIMBUS_0_RX Audio Mixer MultiMedia10" value="0" />

	<ctl name="SLIM RX1 MUX" value="ZERO" />
	<ctl name="SLIM RX2 MUX" value="ZERO" />
	<ctl name="SLIM RX3 MUX" value="ZERO" />
	<ctl name="SLIM RX4 MUX" value="ZERO" />
	<ctl name="SLIM RX5 MUX" value="ZERO" />
	<ctl name="SLIM RX6 MUX" value="ZERO" />
	<ctl name="SLIM RX7 MUX" value="ZERO" />

	<ctl name="RX2 MIX2 INP2" value="ZERO" />
	<ctl name="RX2 MIX2 INP1" value="ZERO" />
	<ctl name="RX1 MIX2 INP2" value="ZERO" />
	<ctl name="RX1 MIX2 INP1" value="ZERO" />
	<ctl name="RX7 MIX1 INP2" value="ZERO" />
	<ctl name="RX7 MIX1 INP1" value="ZERO" />
	<ctl name="RX6 MIX1 INP2" value="ZERO" />
	<ctl name="RX6 MIX1 INP1" value="ZERO" />
	<ctl name="RX5 MIX1 INP2" value="ZERO" />
	<ctl name="RX5 MIX1 INP1" value="ZERO" />
	<ctl name="RX4 MIX1 INP2" value="ZERO" />
	<ctl name="RX4 MIX1 INP1" value="ZERO" />
	<ctl name="RX3 MIX1 INP2" value="ZERO" />
	<ctl name="RX3 MIX1 INP1" value="ZERO" />
	<ctl name="RX2 MIX1 INP2" value="ZERO" />
	<ctl name="RX2 MIX1 INP1" value="ZERO" />
	<ctl name="RX1 MIX1 INP3" value="ZERO" />
	<ctl name="RX1 MIX1 INP2" value="ZERO" />
	<ctl name="RX1 MIX1 INP1" value="ZERO" />

	<ctl name="HPHL DAC Switch" value="0" />
	<ctl name="DAC1 Switch" value="0" />

	<ctl name="COMP0 Switch" value="0" />
	<ctl name="COMP1 Switch" value="0" />
	<ctl name="COMP2 Switch" value="0" />
	<ctl name="SPK_SRC Mux" value="PCM" />
	<ctl name="AIN Gain" value="0"/>
	<ctl name="INTERNAL_FM_RX Audio Mixer MultiMedia4" value="0" />

	<!-- fm -->
	<ctl name="SLIMBUS_0_RX Port Mixer INTERNAL_FM_TX" value="0" />
	<ctl name="SLIMBUS_DL_HL Switch" value="0" />
	<ctl name="MultiMedia1 Mixer INTERNAL_FM_TX" value="0" />
	<ctl name="MultiMedia2 Mixer INTERNAL_FM_TX" value="0" />
	<ctl name="INTERNAL_FM_RX Audio Mixer MultiMedia1" value="0" />
	<ctl name="INTERNAL_FM_RX Audio Mixer MultiMedia5" value="0" />
	<!-- fm end -->
	
	<!-- reset TX part -->
	<ctl name="MultiMedia5 Mixer SLIM_0_TX" value="0" />
	<ctl name="MultiMedia5 Mixer AFE_PCM_TX" value="0" />
	<ctl name="MultiMedia5 Mixer INTERNAL_BT_SCO_TX" value="0" />
	<ctl name="MultiMedia1 Mixer MI2S_TX" value="0" />
	<ctl name="MultiMedia1 Mixer SLIM_0_TX" value="0" />
	<ctl name="MultiMedia1 Mixer SLIM_4_TX" value="0" />
	<ctl name="MultiMedia1 Mixer INTERNAL_BT_SCO_TX" value="0" />

	<ctl name="SLIM TX10 MUX" value="ZERO" />
	<ctl name="SLIM TX9 MUX" value="ZERO" />
	<ctl name="SLIM TX8 MUX" value="ZERO" />
	<ctl name="SLIM TX7 MUX" value="ZERO" />
	<ctl name="SLIM TX6 MUX" value="ZERO" />
	<ctl name="SLIM TX5 MUX" value="ZERO" />
	<ctl name="SLIM TX4 MUX" value="ZERO" />
	<ctl name="SLIM TX3 MUX" value="ZERO" />
	<ctl name="SLIM TX2 MUX" value="ZERO" />
	<ctl name="SLIM TX1 MUX" value="ZERO" />

	<ctl name="DEC10 MUX" value="ZERO" />
	<ctl name="DEC9 MUX" value="ZERO" />
	<ctl name="DEC8 MUX" value="ZERO" />
	<ctl name="DEC7 MUX" value="ZERO" />
	<ctl name="DEC6 MUX" value="ZERO" />
	<ctl name="DEC5 MUX" value="ZERO" />
	<ctl name="DEC4 MUX" value="ZERO" />
	<ctl name="DEC3 MUX" value="ZERO" />
	<ctl name="DEC2 MUX" value="ZERO" />
	<ctl name="DEC1 MUX" value="ZERO" />

	<!-- Audio BTSCO -->
	<ctl name="INTERNAL_BT_SCO_RX Audio Mixer MultiMedia1" value="0" />
	<ctl name="INTERNAL_BT_SCO_RX Audio Mixer MultiMedia4" value="0" />
	<ctl name="INTERNAL_BT_SCO_RX Audio Mixer MultiMedia5" value="0" />

	<!-- Voice BTSCO -->
	<ctl name="Internal BTSCO SampleRate" value="BTSCO_RATE_8KHZ" />
	<ctl name="INTERNAL_BT_SCO_RX_Voice Mixer CSVoice" value="0" />
	<ctl name="INTERNAL_BT_SCO_RX Audio Mixer Multimedia6" value="0" />
	<ctl name="MultiMedia6 Mixer SLIM_0_TX" value="0" />
	<ctl name="Voice_Tx Mixer INTERNAL_BT_SCO_TX_Voice" value="0" />
	<ctl name="HDMI_RX_Voice Mixer CSVoice" value="0" />
	<ctl name="SLIM_0_RX_Voice Mixer CSVoice" value="0" />

	<!-- HDMI -->
	<ctl name="HDMI Mixer MultiMedia1" value="0" />
	<ctl name="HDMI Mixer MultiMedia2" value="0" />
	<ctl name="HDMI Mixer MultiMedia3" value="0" />
	<ctl name="HDMI Mixer MultiMedia4" value="0" />
	<ctl name="HDMI Mixer MultiMedia5" value="0" />

	<!-- compress-voip-call -->
	<ctl name="SLIM_0_RX_Voice Mixer Voip" value="0" />
	<ctl name="Voip_Tx Mixer SLIM_0_TX_Voip" value="0" />
	<ctl name="INTERNAL_BT_SCO_RX_Voice Mixer Voip" value="0" />
	<ctl name="Voip_Tx Mixer INTERNAL_BT_SCO_TX_Voip" value="0" />
	<ctl name="AFE_PCM_RX_Voice Mixer Voip" value="0" />
	<ctl name="Voip_Tx Mixer AFE_PCM_TX_Voip" value="0" />
	<!-- compress-voip-call End-->

	<!-- echo reference -->
	<ctl name="AUDIO_REF_EC_UL1 MUX" value="None" />

	<!-- usb headset -->
	<ctl name="AFE_PCM_RX Audio Mixer MultiMedia1" value="0" />
	<ctl name="MultiMedia1 Mixer AFE_PCM_TX" value="0" />
	<ctl name="AFE_PCM_RX_Voice Mixer CSVoice" value="0" />
	<ctl name="Voice_Tx Mixer AFE_PCM_TX_Voice" value="0" />
	<ctl name="AFE_PCM_RX Audio Mixer MultiMedia5" value="0" />

	<!-- Incall Recording -->
	<ctl name="MultiMedia1 Mixer VOC_REC_UL" value="0" />
	<ctl name="MultiMedia1 Mixer VOC_REC_DL" value="0" />

	<!-- Incall Music -->
	<ctl name="Incall_Music Audio Mixer MultiMedia2" value="0" />
	<ctl name="Incall_Music_2 Audio Mixer MultiMedia9" value="0" />
	<!-- Incall Music End -->

	<!-- HFP -->
	<ctl name="SLIMBUS_0_RX Port Mixer AUX_PCM_TX" value="0" />

	<!-- audio record compress-->
	<ctl name="MultiMedia8 Mixer SLIM_0_TX" value="0" />
	<ctl name="MultiMedia8 Mixer INTERNAL_BT_SCO_TX" value="0" />
	<ctl name="MultiMedia8 Mixer AFE_PCM_TX" value="0" />
 	<ctl name="MultiMedia8 Mixer VOC_REC_UL" value="0" />
	<ctl name="MultiMedia8 Mixer VOC_REC_DL" value="0" />
	<!-- audio record compress end-->

	<!-- listen -->
	<ctl name="LSM1 MUX" value="None" />
	<ctl name="SLIMBUS_5_TX LSM Function" value="None" />

	<!-- afe-proxy -->
	<ctl name="AFE_PCM_RX Audio Mixer MultiMedia2" value="0" />
	<ctl name="AFE_PCM_RX Audio Mixer MultiMedia4" value="0" />
	<ctl name="AFE_PCM_RX Port Mixer INTERNAL_FM_TX" value="0" />

	<!-- BT SCO WB Sample Rate -->
	<path name="bt-sco-wb-samplerate">
		<ctl name="Internal BTSCO SampleRate" value="BTSCO_RATE_16KHZ" />
	</path>

	<!-- cp2 call part -->
	<ctl name="SLIM_0_RX_Voice Mixer Voice2" value="0" />
	<ctl name="AUX_PCM_RX_Voice Mixer Voice2" value="0" />
	<ctl name="Voice2_Tx Mixer SLIM_0_TX_Voice2" value="0" />
	<ctl name="Voice2_Tx Mixer AUX_PCM_TX_Voice2" value="0" />
	<!-- end of cp2 call part -->

	<!-- end of initial mixer settings -->

	<!-- ================================================================ -->
	<!-- Verb -->
	<!-- RX part -->
	<!-- hifi -->
	<path name="deep-buffer-playback">
		<ctl name="SLIMBUS_0_RX Audio Mixer MultiMedia1" value="1" />
	</path>

	<path name="deep-buffer-playback hdmi">
		<ctl name="HDMI Mixer MultiMedia1" value="1" />
	</path>

	<path name="deep-buffer-playback speaker-and-hdmi">
		<path name="deep-buffer-playback hdmi" />
		<path name="deep-buffer-playback" />
	</path>

	<path name="deep-buffer-playback bt-sco">
		<ctl name="INTERNAL_BT_SCO_RX Audio Mixer MultiMedia1" value="1" />
	</path>

	<path name="deep-buffer-playback bt-sco-wb">
		<ctl name="Internal BTSCO SampleRate" value="BTSCO_RATE_16KHZ" />
		<path name="deep-buffer-playback bt-sco" />
	</path>

	<path name="deep-buffer-playback afe-proxy">
		<ctl name="AFE_PCM_RX Audio Mixer MultiMedia1" value="1" />
	</path>

	<path name="deep-buffer-playback usb-headphones">
		<path name="deep-buffer-playback afe-proxy" />
	</path>

	<path name="deep-buffer-playback speaker-and-usb-headphones">
		<path name="deep-buffer-playback usb-headphones" />
		<path name="deep-buffer-playback" />
	</path>

	<path name="deep-buffer-playback transmission-fm">
		<ctl name="INTERNAL_FM_RX Audio Mixer MultiMedia1" value="1" />
	</path>

	<!-- low latency -->
	<path name="low-latency-playback">
		<ctl name="SLIMBUS_0_RX Audio Mixer MultiMedia5" value="1" />
	</path>

	<path name="low-latency-playback hdmi">
		<ctl name="HDMI Mixer MultiMedia5" value="1" />
	</path>

	<path name="low-latency-playback bt-sco">
		<ctl name="INTERNAL_BT_SCO_RX Audio Mixer MultiMedia5" value="1" />
	</path>

	<path name="low-latency-playback bt-sco-wb">
		<ctl name="Internal BTSCO SampleRate" value="BTSCO_RATE_16KHZ" />
		<path name="low-latency-playback bt-sco" />
	</path>

	<path name="low-latency-playback speaker-and-hdmi">
		<path name="low-latency-playback hdmi" />
		<path name="low-latency-playback" />
	</path>

	<path name="low-latency-playback afe-proxy">
		<ctl name="AFE_PCM_RX Audio Mixer MultiMedia5" value="1" />
	</path>

	<path name="low-latency-playback usb-headphones">
		<path name="low-latency-playback afe-proxy" />
	</path>

	<path name="low-latency-playback speaker-and-usb-headphones">
		<path name="low-latency-playback usb-headphones" />
 		<path name="low-latency-playback" />
	</path>

	<path name="low-latency-playback transmission-fm">
		<ctl name="INTERNAL_FM_RX Audio Mixer MultiMedia5" value="1" />
	</path>

	<!-- low latency(JAM) -->
	<path name="jam-framework-playback">
		<ctl name="SLIMBUS_0_RX Audio Mixer MultiMedia10" value="1" />
	</path>

	<!-- tunnel -->
	<path name="compress-offload-playback">
		<ctl name="SLIMBUS_0_RX Audio Mixer MultiMedia4" value="1" />
	</path>

	<path name="compress-offload-playback hdmi">
		<ctl name="HDMI Mixer MultiMedia4" value="1" />
	</path>

	<path name="compress-offload-playback speaker-and-hdmi">
		<path name="compress-offload-playback hdmi" />
		<path name="compress-offload-playback" />
	</path>

	<path name="compress-offload-playback bt-sco">
		<ctl name="INTERNAL_BT_SCO_RX Audio Mixer MultiMedia4" value="1" />
	</path>

	<path name="compress-offload-playback bt-sco-wb">
		<ctl name="Internal BTSCO SampleRate" value="BTSCO_RATE_16KHZ" />
		<path name="compress-offload-playback bt-sco" />
	</path>

	<path name="compress-offload-playback afe-proxy">
		<ctl name="AFE_PCM_RX Audio Mixer MultiMedia4" value="1" />
	</path>

	<path name="compress-offload-playback usb-headphones">
		<path name="compress-offload-playback afe-proxy" />
	</path>

	<path name="compress-offload-playback speaker-and-usb-headphones">
		<path name="compress-offload-playback usb-headphones" />
		<path name="compress-offload-playback" />
	</path>

	<path name="compress-offload-playback transmission-fm">
		<ctl name="INTERNAL_FM_RX Audio Mixer MultiMedia4" value="1" />
	</path>

	<!-- other -->
	<path name="multi-channel-playback hdmi">
		<ctl name="HDMI Mixer MultiMedia2" value="1" />
	</path>

	<path name="multi-channel-playback afe-proxy">
		<ctl name="AFE_PCM_RX Audio Mixer MultiMedia2" value="1" />
	</path>

	<!-- TX part -->
	<path name="audio-record">
		<ctl name="MultiMedia1 Mixer SLIM_0_TX" value="1" />
	</path>

	<path name="audio-record bt-sco">
		<ctl name="MultiMedia1 Mixer INTERNAL_BT_SCO_TX" value="1" />
	</path>

	<path name="audio-record bt-sco-wb">
		<ctl name="Internal BTSCO SampleRate" value="BTSCO_RATE_16KHZ" />
		<path name="audio-record bt-sco" />
	</path>

	<path name="audio-record usb-headset-mic">
		<ctl name="MultiMedia1 Mixer AFE_PCM_TX" value="1" />
	</path>

	<path name="audio-record capture-fm">
 		<ctl name="MultiMedia1 Mixer INTERNAL_FM_TX" value="1" />
	</path>

	<path name="audio-record-compress">
		<ctl name="MultiMedia8 Mixer SLIM_0_TX" value="1" />
	</path>

	<path name="audio-record-compress bt-sco">
		<ctl name="MultiMedia8 Mixer INTERNAL_BT_SCO_TX" value="1" />
	</path>

	<path name="audio-record-compress bt-sco-wb">
		<ctl name="Internal BTSCO SampleRate" value="BTSCO_RATE_16KHZ" />
		<path name="audio-record-compress bt-sco" />
	</path>

	<path name="audio-record-compress usb-headset-mic">
		<ctl name="MultiMedia8 Mixer AFE_PCM_TX" value="1" />
	</path>

	<path name="fm-virtual-record capture-fm">
		<ctl name="MultiMedia2 Mixer INTERNAL_FM_TX" value="1" />
	</path>

	<path name="afe-proxy-playback afe-proxy">
	</path>

	<path name="afe-proxy-record afe-proxy">
	</path>

	<path name="low-latency-record">
		<ctl name="MultiMedia5 Mixer SLIM_0_TX" value="1" />
	</path>

	<path name="low-latency-record usb-headset-mic">
		<ctl name="MultiMedia5 Mixer AFE_PCM_TX" value="1" />
	</path>

	<path name="low-latency-record bt-sco">
		<ctl name="MultiMedia5 Mixer INTERNAL_BT_SCO_TX" value="1" />
	</path>

	<path name="low-latency-record bt-sco-wb">
		<ctl name="Internal BTSCO SampleRate" value="BTSCO_RATE_16KHZ" />
 		<path name="audio-record bt-sco" />
	</path>

	<!-- call part -->
	<path name="voice-call">
		<ctl name="SLIM_0_RX_Voice Mixer CSVoice" value="1" />
		<ctl name="Voice_Tx Mixer SLIM_0_TX_Voice" value="1" />
	</path>

	<path name="voice-call hdmi">
		<ctl name="HDMI_RX_Voice Mixer CSVoice" value="1" />
		<ctl name="Voice_Tx Mixer SLIM_0_TX_Voice" value="1" />
	</path>

	<path name="voice-call bt-sco">
		<ctl name="INTERNAL_BT_SCO_RX_Voice Mixer CSVoice" value="1" />
		<ctl name="Voice_Tx Mixer INTERNAL_BT_SCO_TX_Voice" value="1" />
	</path>

	<path name="voice-call bt-sco-wb">
		<ctl name="Internal BTSCO SampleRate" value="BTSCO_RATE_16KHZ" />
		<path name="voice-call bt-sco" />
	</path>

	<path name="voice-call afe-proxy">
		<ctl name="AFE_PCM_RX_Voice Mixer CSVoice" value="1" />
		<ctl name="Voice_Tx Mixer AFE_PCM_TX_Voice" value="1" />
	</path>

	<path name="voice-call usb-headphones">
		<ctl name="AFE_PCM_RX_Voice Mixer CSVoice" value="1" />
		<ctl name="Voice_Tx Mixer AFE_PCM_TX_Voice" value="1" />
	</path>

	<path name="echo-reference">
		<ctl name="AUDIO_REF_EC_UL1 MUX" value="SLIM_RX" />
	</path>

	<path name="compress-voip-call">
		<ctl name="SLIM_0_RX_Voice Mixer Voip" value="1" />
 		<ctl name="Voip_Tx Mixer SLIM_0_TX_Voip" value="1" />
	</path>

	<path name="compress-voip-call bt-sco">
		<ctl name="INTERNAL_BT_SCO_RX_Voice Mixer Voip" value="1" />
		<ctl name="Voip_Tx Mixer INTERNAL_BT_SCO_TX_Voip" value="1" />
	</path>

	<path name="compress-voip-call bt-sco-wb">
		<ctl name="Internal BTSCO SampleRate" value="BTSCO_RATE_16KHZ" />
		<path name="compress-voip-call bt-sco" />
	</path>

	<path name="compress-voip-call usb-headphones">
		<ctl name="AFE_PCM_RX_Voice Mixer Voip" value="1" />
		<ctl name="Voip_Tx Mixer AFE_PCM_TX_Voip" value="1" />
	</path>

	<path name="incall-rec-uplink">
		<ctl name="MultiMedia1 Mixer VOC_REC_UL" value="1" />
	</path>

	<path name="incall-rec-uplink bt-sco">
		<path name="incall-rec-uplink" />
	</path>

	<path name="hfp-sco">
		<ctl name="SLIMBUS_0_RX Port Mixer INTERNAL_BT_SCO_TX" value="1" />
		<ctl name="INTERNAL_BT_SCO_RX Audio Mixer MultiMedia6" value="1" />
		<ctl name="MultiMedia6 Mixer SLIM_0_TX" value="1" />
		<ctl name="SLIMBUS_DL_HL Switch" value="1" />
	</path>

	<path name="hfp-sco-wb">
		<ctl name="Internal BTSCO SampleRate" value="BTSCO_RATE_16KHZ" />
		<path name="hfp-sco" />
	</path>

	<path name="incall-rec-uplink bt-sco-wb">
		<path name="incall-rec-uplink" />
	</path>

	<path name="incall-rec-uplink usb-headset-mic">
		<path name="incall-rec-uplink" />
	</path>

	<path name="incall-rec-uplink afe-proxy">
		<path name="incall-rec-uplink" />
	</path>

	<path name="incall-rec-uplink-compress">
		<ctl name="MultiMedia8 Mixer VOC_REC_UL" value="1" />
	</path>

	<path name="incall-rec-uplink-compress bt-sco">
		<path name="incall-rec-uplink-compress" />
	</path>

	<path name="incall-rec-uplink-compress bt-sco-wb">
		<path name="incall-rec-uplink-compress" />
	</path>

	<path name="incall-rec-uplink-compress usb-headset-mic">
 		<path name="incall-rec-uplink-compress" />
	</path>

	<path name="incall-rec-uplink-compress afe-proxy">
		<path name="incall-rec-uplink-compress" />
	</path>

	<path name="incall-rec-downlink">
		<ctl name="MultiMedia1 Mixer VOC_REC_DL" value="1" />
	</path>

	<path name="incall-rec-downlink bt-sco">
		<path name="incall-rec-downlink" />
	</path>

	<path name="incall-rec-downlink bt-sco-wb">
		<path name="incall-rec-downlink" />
	</path>

	<path name="incall-rec-downlink usb-headset-mic">
		<path name="incall-rec-downlink" />
	</path>

	<path name="incall-rec-downlink afe-proxy">
		<path name="incall-rec-downlink" />
	</path>

	<path name="incall-rec-downlink-compress">
 		<ctl name="MultiMedia8 Mixer VOC_REC_DL" value="1" />
	</path>

	<path name="incall-rec-downlink-compress bt-sco">
		<path name="incall-rec-downlink-compress" />
	</path>

	<path name="incall-rec-downlink-compress bt-sco-wb">
		<path name="incall-rec-downlink-compress" />
	</path>

	<path name="incall-rec-downlink-compress usb-headset-mic">
		<path name="incall-rec-downlink-compress" />
	</path>

	<path name="incall-rec-downlink-compress afe-proxy">
		<path name="incall-rec-downlink-compress" />
	</path>

	<path name="incall-rec-uplink-and-downlink">
		<path name="incall-rec-uplink" />
		<path name="incall-rec-downlink" />
	</path>

	<path name="incall-rec-uplink-and-downlink bt-sco">
		<path name="incall-rec-uplink-and-downlink" />
	</path>

	<path name="incall-rec-uplink-and-downlink bt-sco-wb">
		<path name="incall-rec-uplink-and-downlink" />
	</path>

	<path name="incall-rec-uplink-and-downlink usb-headset-mic">
		<path name="incall-rec-uplink-and-downlink" />
	</path>

	<path name="incall-rec-uplink-and-downlink afe-proxy">
		<path name="incall-rec-uplink-and-downlink" />
	</path>

	<path name="incall-rec-uplink-and-downlink-compress">
		<path name="incall-rec-uplink-compress" />
		<path name="incall-rec-downlink-compress" />
	</path>

	<path name="incall-rec-uplink-and-downlink-compress bt-sco">
 		<path name="incall-rec-uplink-and-downlink-compress" />
	</path>

	<path name="incall-rec-uplink-and-downlink-compress bt-sco-wb">
 		<path name="incall-rec-uplink-and-downlink-compress" />
 	</path>

	<path name="incall-rec-uplink-and-downlink-compress usb-headset-mic">
		<path name="incall-rec-uplink-and-downlink-compress" />
	</path>

	<path name="incall-rec-uplink-and-downlink-compress afe-proxy">
 		<path name="incall-rec-uplink-and-downlink-compress" />
	</path>

	<path name="incall_music_uplink">
		<ctl name="Incall_Music Audio Mixer MultiMedia2" value="1" />
	</path>

	<path name="incall_music_uplink2">
		<ctl name="Incall_Music_2 Audio Mixer MultiMedia9" value="1" />
	</path>

	<!-- cp2 call part -->
	<path name="voice2-call">
		<ctl name="SLIM_0_RX_Voice Mixer Voice2" value="1" />
		<ctl name="Voice2_Tx Mixer SLIM_0_TX_Voice2" value="1" />
	</path>

	<path name="voice2-call bt-sco">
		<ctl name="AUX_PCM_RX_Voice Mixer Voice2" value="1" />
		<ctl name="Voice2_Tx Mixer AUX_PCM_TX_Voice2" value="1" />
	</path>
	<!-- end of cp2 call part -->

	<!-- end of Verb -->

	<!-- ================================================================ -->
	<!-- Device -->
	<!-- RX part -->
	<path name="rcv">
		<ctl name="SLIM RX1 MUX" value="AIF1_PB" />
		<ctl name="SLIM_0_RX Channels" value="One" />
		<ctl name="RX1 MIX1 INP1" value="RX1" />
		<ctl name="CLASS_H_DSM MUX" value="RX_HPHL" />
		<ctl name="DAC1 Switch" value="1" />
	</path>

	<path name="spk">
		<ctl name="SLIM RX1 MUX" value="AIF1_PB" />
		<ctl name="SLIM_0_RX Channels" value="One" />
		<ctl name="RX4 MIX1 INP1" value="RX1" />
		<ctl name="SPK DAC Switch" value="1" />
		<ctl name="COMP0 Switch" value="1" />
	</path>

	<path name="ear">
		<ctl name="SLIM RX1 MUX" value="AIF1_PB" />
		<ctl name="SLIM RX2 MUX" value="AIF1_PB" />
		<ctl name="SLIM_0_RX Channels" value="Two" />
		<ctl name="RX1 MIX1 INP1" value="RX1" />
		<ctl name="RX2 MIX1 INP1" value="RX2" />
		<ctl name="CLASS_H_DSM MUX" value="RX_HPHL" />
		<ctl name="HPHL DAC Switch" value="1" />
        <ctl name="COMP1 Switch" value="1" />
	</path>
	<path name="spk-ear">
		<ctl name="SLIM RX1 MUX" value="AIF1_PB" />
		<ctl name="SLIM RX2 MUX" value="AIF1_PB" />
		<ctl name="SLIM_0_RX Channels" value="Two" />
		<ctl name="RX1 MIX1 INP1" value="RX1" />
		<ctl name="RX2 MIX1 INP1" value="RX2" />
		<ctl name="RX4 MIX1 INP1" value="RX1" />
		<ctl name="RX4 MIX1 INP2" value="RX2" />
		<ctl name="CLASS_H_DSM MUX" value="RX_HPHL" />
		<ctl name="HPHL DAC Switch" value="1" />
		<ctl name="SPK DAC Switch" value="1" />
		<ctl name="COMP0 Switch" value="1" />
		<ctl name="COMP1 Switch" value="1" />
	</path>

	<path name="lineout">
		<ctl name="SLIM RX1 MUX" value="AIF1_PB" />
		<ctl name="SLIM RX2 MUX" value="AIF1_PB" />
		<ctl name="SLIM_0_RX Channels" value="Two" />
		<ctl name="RX3 MIX1 INP1" value="RX2" />
		<ctl name="RX5 MIX1 INP1" value="RX1" />
        <ctl name="RDAC5 MUX" value="DEM4" />
        <ctl name="COMP1 Switch" value="1" />
	</path>

	<!-- TX part -->
	<path name="main-mic">
		<ctl name="AIF1_CAP Mixer SLIM TX1" value="1" />
		<ctl name="SLIM_0_TX Channels" value="One" />
		<ctl name="SLIM TX1 MUX" value="DEC1" />
		<ctl name="DEC1 MUX" value="ADC1" />
		<ctl name="IIR1 INP1 MUX" value="DEC1" />
	</path>

	<path name="sub-mic">
		<ctl name="AIF1_CAP Mixer SLIM TX1" value="1" />
		<ctl name="SLIM_0_TX Channels" value="One" />
		<ctl name="SLIM TX1 MUX" value="DEC1" />
		<ctl name="DEC1 MUX" value="ADC3" />
	</path>

	<path name="3rd-mic">
		<ctl name="AIF1_CAP Mixer SLIM TX1" value="1" />
		<ctl name="SLIM_0_TX Channels" value="One" />
		<ctl name="SLIM TX1 MUX" value="DEC1" />
		<ctl name="DEC1 MUX" value="ADC4" />
	</path>

	<path name="ear-mic">
		<ctl name="AIF1_CAP Mixer SLIM TX1" value="1" />
		<ctl name="SLIM_0_TX Channels" value="One" />
		<ctl name="SLIM TX1 MUX" value="DEC1" />
		<ctl name="DEC1 MUX" value="ADC2" />
		<ctl name="IIR1 INP1 MUX" value="DEC1" />
	</path>
	
	<path name="fm-mic">
		<ctl name="AIF1_CAP Mixer SLIM TX7" value="1" />
		<ctl name="SLIM_0_TX Channels" value="One" />
		<ctl name="SLIM TX7 MUX" value="DEC8" />
		<ctl name="DEC8 MUX" value="ADC5" />
		<ctl name="DEC7 MUX" value="ADC6" />
		<ctl name="IIR1 INP1 MUX" value="DEC8" />
		<ctl name="IIR2 INP1 MUX" value="DEC7" />
		<ctl name="RX1 MIX1 INP2" value="IIR1" />
		<ctl name="RX2 MIX1 INP2" value="IIR2" />
		<ctl name="RX7 MIX2 INP1" value="IIR1" />
		<ctl name="RX7 MIX2 INP2" value="IIR2" />
	</path>
	
	<!-- end of Device -->

	<!-- ================================================================ -->
	<!-- Play Scenario	-->
	<path name="handset">
		<path name="rcv" />
		<ctl name="EAR PA Gain" value="POS_2_DB" />
		<ctl name="RX1 Digital Volume" value="83" />
	</path>

	<path name="speaker">
		<path name="spk" />
		<ctl name="RX4 Digital Volume" value="80" />
		<ctl name="SPK DRV Volume" value="7" />
		<ctl name="COMP0 Switch" value="0" />
	</path>

	<path name="headset">
		<path name="ear" />
		<ctl name="HPHL Volume" value="16" />
		<ctl name="HPHR Volume" value="16" />
		<ctl name="RX1 Digital Volume" value="84" />
		<ctl name="RX2 Digital Volume" value="84" />
	</path>

	<path name="dock">
		<path name="lineout" />
		<ctl name="RX3 MIX1 INP1" value="RX1" />
		<ctl name="RX4 MIX1 INP1" value="RX2" />
		<ctl name="RX3 Digital Volume" value="85" />
		<ctl name="RX4 Digital Volume" value="85" />
	</path>

	<path name="speaker-and-headphones">
		<path name="spk-ear" />
		<ctl name="HPHL Volume" value="5" />
		<ctl name="HPHR Volume" value="5" />
		<ctl name="RX1 Digital Volume" value="66" />
		<ctl name="RX2 Digital Volume" value="66" />
		<ctl name="RX4 MIX1 INP2" value="RX2" />
		<ctl name="RX4 Digital Volume" value="78" />
		<ctl name="SPK DRV Volume" value="7" />
	</path>

	<path name="speaker-and-hdmi">
		<path name="spk" />
		<ctl name="RX4 Digital Volume" value="84" />
	</path>

	<path name="speaker-and-proxy">
		<path name="spk" />
		<ctl name="RX4 Digital Volume" value="83" />
	</path>

	<path name="speaker-and-dock">
		<path name="lineout" />
		<path name="spk" />
		<ctl name="RX3 Digital Volume" value="84" />
		<ctl name="RX5 Digital Volume" value="84" />
		<ctl name="RX4 Digital Volume" value="84" />
		<ctl name="LINEOUT1 Volume" value="18" />
		<ctl name="LINEOUT2 Volume" value="18" />
		<ctl name="SPK DRV Volume" value="20" />
	</path>

	<path name="usb-headphones">
	</path>

	<path name="afe-proxy">
	</path>

	<path name="speaker-and-usb-headphones">
		<path name="speaker" />
		<path name="usb-headphones" />
	</path>

	<!-- end of Play Scenario -->

	<!-- FM Scenario -->
	<!-- RX part -->
	<path name="fm-speaker">
		<path name="spk" />
		<ctl name="RX4 Digital Volume" value="84" />
		<ctl name="SPK DRV Volume" value="6" />
	</path>

	<path name="fm-headset">
		<path name="ear" />
		<ctl name="HPHL Volume" value="13" />
		<ctl name="HPHR Volume" value="13" />
		<ctl name="RX1 Digital Volume" value="86" />
		<ctl name="RX2 Digital Volume" value="86" />
	</path>
	
	<path name="transmission-fm">
	</path>
	
	<path name="capture-fm">
	</path>
	
	<!-- TX part -->
	<path name="fm-input">
		<path name="fm-mic" />
		<ctl name="DEC8 Volume" value="84" />
		<ctl name="DEC7 Volume" value="84" />
		<ctl name="ADC5 Volume" value="12" />
		<ctl name="ADC6 Volume" value="12" />
		<ctl name="IIR1 INP1 Volume" value="84" />
		<ctl name="IIR2 INP1 Volume" value="84" />
	</path>
	<!-- end of FM Scenario -->
	
	<!-- ================================================================ -->
	<!-- Recording Scenario	-->
	<path name="rec-main-mic">
		<path name="main-mic" />
		<ctl name="ADC1 Volume" value="19" />
		<ctl name="DEC1 Volume" value="84" />
	</path>

	<path name="rec-sub-mic">
		<path name="sub-mic" />
		<ctl name="ADC3 Volume" value="19" />
		<ctl name="DEC1 Volume" value="84" />
	</path>

	<path name="rec-headset-mic">
		<path name="ear-mic" />
		<ctl name="ADC2 Volume" value="19" />
		<ctl name="DEC1 Volume" value="83" />
	</path>

	<path name="rec-stereo-mic">
		<path name="main-mic" />
		<path name="sub-mic" />
		<ctl name="DEC1 MUX" value="ADC1" />
		<ctl name="ADC1 Volume" value="19" />
		<ctl name="DEC1 Volume" value="83" />
	</path>

	<path name="rec-high-gain-main-mic">
		<path name="main-mic" />
		<ctl name="ADC1 Volume" value="10" />
		<ctl name="DEC6 Volume" value="84" />
	</path>

	<path name="rec-high-gain-sub-mic">
		<path name="sub-mic" />
		<ctl name="ADC3 Volume" value="19" />
		<ctl name="DEC1 Volume" value="94" />
	</path>

	<path name="rec-high-gain-headset-mic">
		<path name="ear-mic" />
		<ctl name="ADC2 Volume" value="10" />
		<ctl name="DEC1 Volume" value="84" />
	</path>

	<path name="rec-high-gain-stereo-mic">
		<ctl name="Main Mic Delay" value="4" />
		<path name="main-mic" />
		<path name="sub-mic" />
		<ctl name="SLIM_0_TX Channels" value="Two" />
		<ctl name="ADC1 Volume" value="100" />
		<ctl name="DEC1 Volume" value="84" />
		<ctl name="ADC3 Volume" value="19" />
	</path>
	<!-- end of Recording Scenario -->

	<!-- ================================================================ -->
	<!-- recognition Scenario -->
	<path name="vr-main-mic">
		<path name="main-mic" />
		<ctl name="ADC1 Volume" value="19" />
		<ctl name="DEC6 Volume" value="83" />
	</path>

	<path name="vr-sub-mic">
		<path name="sub-mic" />
		<ctl name="ADC3 Volume" value="19" />
		<ctl name="DEC4 Volume" value="84" />
	</path>

	<path name="vr-headset-mic">
		<path name="ear-mic" />
		<ctl name="ADC2 Volume" value="19" />
		<ctl name="DEC1 Volume" value="83" />
	</path>

	<path name="bargein1-main-mic">
		<path name="main-mic" />
		<ctl name="ADC1 Volume" value="13" />
		<ctl name="DEC6 Volume" value="74" />
	</path>

	<path name="bargein1-sub-mic">
		<path name="3rd-mic" />
		<ctl name="ADC4 Volume" value="19" />
		<ctl name="DEC3 Volume" value="84" />
	</path>

	<path name="bargein1-earphone-mic">
		<path name="main-mic" />
		<ctl name="ADC1 Volume" value="17" />
		<ctl name="DEC6 Volume" value="84" />
	</path>

	<path name="bargein1-headset-mic">
		<path name="ear-mic" />
		<ctl name="ADC2 Volume" value="12" />
		<ctl name="DEC1 Volume" value="84" />
	</path>

	<path name="bargein1-NS-mic">
		<path name="main-mic" />
		<path name="sub-mic" />
		<ctl name="SLIM_0_TX Channels" value="Two" />
		<ctl name="ADC4 Volume" value="12" />
		<ctl name="DEC3 Volume" value="84" />
		<ctl name="ADC3 Volume" value="12" />
		<ctl name="DEC4 Volume" value="84" />
		<ctl name="TX3 HPF cut off" value="MIN_3DB_150Hz" />
		<ctl name="TX4 HPF cut off" value="MIN_3DB_150Hz" />
		<ctl name="TX5 HPF cut off" value="MIN_3DB_150Hz" />
	</path>

	<path name="bargein2-main-mic">
		<path name="main-mic" />
		<ctl name="ADC1 Volume" value="13" />
		<ctl name="DEC6 Volume" value="74" />
	</path>

	<path name="bargein2-sub-mic">
		<path name="3rd-mic" />
		<ctl name="ADC3 Volume" value="19" />
		<ctl name="DEC4 Volume" value="84" />
	</path>

	<path name="bargein2-earphone-mic">
		<path name="main-mic" />
		<ctl name="ADC1 Volume" value="12" />
		<ctl name="DEC6 Volume" value="84" />
	</path>

	<path name="bargein2-headset-mic">
		<path name="ear-mic" />
		<ctl name="ADC2 Volume" value="12" />
		<ctl name="DEC1 Volume" value="84" />
	</path>

	<path name="bargein2-NS-mic">
		<path name="main-mic" />
		<path name="sub-mic" />
		<ctl name="SLIM_0_TX Channels" value="Two" />
		<ctl name="ADC4 Volume" value="12" />
		<ctl name="DEC3 Volume" value="84" />
		<ctl name="ADC3 Volume" value="12" />
		<ctl name="DEC4 Volume" value="84" />
		<ctl name="TX3 HPF cut off" value="MIN_3DB_150Hz" />
		<ctl name="TX4 HPF cut off" value="MIN_3DB_150Hz" />
		<ctl name="TX5 HPF cut off" value="MIN_3DB_150Hz" />
	</path>
	<!-- end of recognition Scenario -->

	<!-- ================================================================ -->
	<!-- Voice call Scenario -->
	<!-- RX part -->
	<path name="voice-call-handset">
		<path name="rcv" />
		<ctl name="EAR PA Gain" value="POS_2_DB" />
		<ctl name="RX1 Digital Volume" value="83" />
	</path>

	<path name="voice-call-handset-extra-vol">
		<path name="rcv" />
		<ctl name="EAR PA Gain" value="POS_2_DB" />
		<ctl name="RX1 Digital Volume" value="83" />
	</path>

	<path name="voice-call-handset-hac">
		<path name="rcv" />
		<ctl name="EAR PA Gain" value="POS_3_DB" />
		<ctl name="RX1 Digital Volume" value="84" />
	</path>

	<path name="voice-call-speaker">
		<path name="spk" />
		<ctl name="RX4 Digital Volume" value="87" />
		<ctl name="SPK DRV Volume" value="8" />
	</path>

	<path name="voice-call-speaker-extra-vol">
		<path name="spk" />
		<ctl name="RX4 Digital Volume" value="87" />
		<ctl name="SPK DRV Volume" value="8" />
	</path>

	<path name="voice-call-headset">
		<path name="ear" />
		<ctl name="HPHL Volume" value="16" />
		<ctl name="HPHR Volume" value="16" />
		<ctl name="RX1 Digital Volume" value="84" />
		<ctl name="RX2 Digital Volume" value="84" />
	</path>

	<path name="voice-call-dock">
		<path name="lineout" />
		<ctl name="SLIM_0_RX Channels" value="Two" />
		<ctl name="LINEOUT1 Volume" value="19" />
		<ctl name="LINEOUT2 Volume" value="19" />
	</path>

	<!-- TX part -->
	<path name="voice-call-main-mic">
		<path name="main-mic" />
		<ctl name="ADC1 Volume" value="19" />
		<ctl name="DEC1 Volume" value="83" />
	</path>

	<path name="voice-call-sub-mic">
		<path name="sub-mic" />
		<ctl name="ADC3 Volume" value="19" />
		<ctl name="DEC1 Volume" value="84" />
	</path>

	<path name="voice-call-headphone-mic">
		<path name="main-mic" />
		<ctl name="ADC1 Volume" value="19" />
		<ctl name="DEC1 Volume" value="83" />
	</path>

	<path name="voice-call-headset-mic">
		<path name="ear-mic" />
		<ctl name="ADC2 Volume" value="19" />
		<ctl name="DEC1 Volume" value="83" />
	</path>

	<path name="voice-call-NS-mic-handset">
		<path name="main-mic" />
		<path name="sub-mic" />
		<ctl name="SLIM_0_TX Channels" value="Two" />
		<ctl name="ADC1 Volume" value="19" />
		<ctl name="DEC6 Volume" value="84" />
		<ctl name="ADC3 Volume" value="19" />
		<ctl name="DEC4 Volume" value="84" />
		<ctl name="TX3 HPF cut off" value="MIN_3DB_150Hz" />
		<ctl name="TX4 HPF cut off" value="MIN_3DB_150Hz" />
		<ctl name="TX5 HPF cut off" value="MIN_3DB_150Hz" />
	</path>

	<path name="voice-call-NS-mic-speaker">
		<path name="sub-mic" />
		<path name="3rd-mic" />
		<ctl name="SLIM_0_TX Channels" value="Two" />
		<ctl name="ADC4 Volume" value="16" />
		<ctl name="DEC3 Volume" value="84" />
		<ctl name="ADC3 Volume" value="16" />
		<ctl name="DEC4 Volume" value="84" />
	</path>
	<!-- end of Voice call Scenario	-->

	<path name="play-fm">
		<ctl name="Internal FM RX Volume" value="1" />
		<ctl name="SLIMBUS_0_RX Port Mixer INTERNAL_FM_TX" value="1" />
		<ctl name="SLIMBUS_DL_HL Switch" value="1" />
	</path>

	<path name="play-fm usb-headphones">
		<ctl name="Internal FM RX Volume" value="1" />
		<ctl name="AFE_PCM_RX Port Mixer INTERNAL_FM_TX" value="1" />
		<ctl name="SLIMBUS_DL_HL Switch" value="1" />
	</path>

	<!-- ================================================================ -->
	<!-- Video call Scenario -->
	<!-- RX part -->
	<path name="video-call-handset">
		<path name="rcv" />
		<ctl name="EAR PA Gain" value="POS_2_DB" />
		<ctl name="RX1 Digital Volume" value="83" />
	</path>

	<path name="video-call-handset-extra-vol">
		<path name="rcv" />
		<ctl name="EAR PA Gain" value="POS_3_DB" />
		<ctl name="RX1 Digital Volume" value="84" />
	</path>

	<path name="video-call-speaker">
		<path name="spk" />
		<ctl name="RX4 Digital Volume" value="85" />
		<ctl name="SPK DRV Volume" value="8" />
	</path>

	<path name="video-call-speaker-extra-vol">
		<path name="spk" />
		<ctl name="RX4 Digital Volume" value="83" />
		<ctl name="SPK DRV Volume" value="8" />
	</path>

	<path name="video-call-headset">
		<path name="ear" />
		<ctl name="HPHL Volume" value="16" />
		<ctl name="HPHR Volume" value="16" />
		<ctl name="RX1 Digital Volume" value="83" />
		<ctl name="RX2 Digital Volume" value="83" />
	</path>

	<path name="video-call-dock">
		<path name="lineout" />
		<ctl name="SLIM_0_RX Channels" value="Two" />
		<ctl name="LINEOUT1 Volume" value="20" />
		<ctl name="LINEOUT2 Volume" value="20" />
	</path>

	<!-- TX part -->
	<path name="video-call-main-mic">
		<path name="main-mic" />
		<ctl name="ADC1 Volume" value="19" />
		<ctl name="DEC1 Volume" value="83" />
	</path>

	<path name="video-call-sub-mic">
		<path name="sub-mic" />
		<ctl name="ADC3 Volume" value="19" />
		<ctl name="DEC1 Volume" value="94" />
	</path>

	<path name="video-call-headphone-mic">
		<path name="main-mic" />
		<ctl name="ADC1 Volume" value="19" />
		<ctl name="DEC6 Volume" value="83" />
	</path>

	<path name="video-call-headset-mic">
		<path name="ear-mic" />
		<ctl name="ADC2 Volume" value="19" />
		<ctl name="DEC1 Volume" value="83" />
		<ctl name="COMP1 Switch" value="1" />
	</path>

	<path name="video-call-NS-mic-handset">
		<path name="main-mic" />
		<path name="sub-mic" />
		<ctl name="SLIM_0_TX Channels" value="Two" />
		<ctl name="ADC1 Volume" value="19" />
		<ctl name="DEC6 Volume" value="84" />
		<ctl name="ADC3 Volume" value="19" />
		<ctl name="DEC4 Volume" value="84" />
		<ctl name="TX3 HPF cut off" value="MIN_3DB_150Hz" />
		<ctl name="TX4 HPF cut off" value="MIN_3DB_150Hz" />
		<ctl name="TX5 HPF cut off" value="MIN_3DB_150Hz" />
	</path>

	<path name="video-call-NS-mic-speaker">
		<path name="sub-mic" />
		<path name="3rd-mic" />
		<ctl name="SLIM_0_TX Channels" value="Two" />
		<ctl name="ADC4 Volume" value="16" />
		<ctl name="DEC3 Volume" value="84" />
		<ctl name="ADC3 Volume" value="16" />
		<ctl name="DEC4 Volume" value="84" />
	</path>
	<!-- end of Video call Scenario	-->

	<!-- ================================================================ -->
	<!-- VoLTE Voice call Scenario -->
	<!-- RX part -->
	<path name="VoLTE-voice-handset">
		<path name="rcv" />
		<ctl name="EAR PA Gain" value="POS_3_DB" />
		<ctl name="RX1 Digital Volume" value="84" />
	</path>

	<path name="VoLTE-voice-handset-extra-vol">
		<path name="rcv" />
		<ctl name="EAR PA Gain" value="POS_3_DB" />
		<ctl name="RX1 Digital Volume" value="84" />
	</path>

	<path name="VoLTE-voice-speaker">
		<path name="spk" />
		<ctl name="RX4 Digital Volume" value="84" />
		<ctl name="RX3 Digital Volume" value="84" />
		<ctl name="SPK DRV Volume" value="20" />
	</path>

	<path name="VoLTE-voice-speaker-extra-vol">
		<path name="spk" />
		<ctl name="RX4 Digital Volume" value="84" />
		<ctl name="RX3 Digital Volume" value="84" />
		<ctl name="SPK DRV Volume" value="20" />
	</path>

	<path name="VoLTE-voice-headset">
		<path name="ear" />
		<ctl name="HPHL Volume" value="14" />
		<ctl name="HPHR Volume" value="14" />
		<ctl name="RX1 Digital Volume" value="84" />
		<ctl name="RX2 Digital Volume" value="84" />
	</path>

	<!-- TX part -->
	<path name="VoLTE-voice-main-mic">
		<path name="main-mic" />
		<ctl name="ADC1 Volume" value="19" />
		<ctl name="DEC6 Volume" value="84" />
	</path>

	<path name="VoLTE-voice-sub-mic">
		<path name="sub-mic" />
		<ctl name="ADC4 Volume" value="19" />
		<ctl name="DEC3 Volume" value="94" />
	</path>

	<path name="VoLTE-voice-headphone-mic">
		<path name="main-mic" />
		<ctl name="ADC1 Volume" value="19" />
		<ctl name="DEC6 Volume" value="84" />
	</path>

	<path name="VoLTE-voice-headset-mic">
		<path name="ear-mic" />
		<ctl name="ADC2 Volume" value="12" />
		<ctl name="DEC5 Volume" value="84" />
	</path>

	<path name="VoLTE-voice-NS-mic-handset">
		<path name="main-mic" />
		<path name="sub-mic" />
		<ctl name="SLIM_0_TX Channels" value="Two" />
		<ctl name="ADC1 Volume" value="19" />
		<ctl name="DEC6 Volume" value="84" />
		<ctl name="ADC3 Volume" value="19" />
		<ctl name="DEC4 Volume" value="84" />
		<ctl name="TX3 HPF cut off" value="MIN_3DB_150Hz" />
		<ctl name="TX4 HPF cut off" value="MIN_3DB_150Hz" />
		<ctl name="TX5 HPF cut off" value="MIN_3DB_150Hz" />
	</path>

	<path name="VoLTE-voice-NS-mic-speaker">
		<path name="sub-mic" />
		<path name="3rd-mic" />
		<ctl name="SLIM_0_TX Channels" value="Two" />
		<ctl name="ADC4 Volume" value="16" />
		<ctl name="DEC3 Volume" value="84" />
		<ctl name="ADC3 Volume" value="16" />
		<ctl name="DEC4 Volume" value="84" />
	</path>
	<!-- end of VoLTE Voice call Scenario	-->

	<!-- ================================================================ -->
	<!-- VoLTE Video call Scenario -->
	<!-- RX part -->
	<path name="VoLTE-video-handset">
		<path name="rcv" />
		<ctl name="EAR PA Gain" value="POS_3_DB" />
		<ctl name="RX1 Digital Volume" value="84" />
	</path>

	<path name="VoLTE-video-handset-extra-vol">
		<path name="rcv" />
		<ctl name="EAR PA Gain" value="POS_3_DB" />
		<ctl name="RX1 Digital Volume" value="84" />
	</path>

	<path name="VoLTE-video-speaker">
		<path name="spk" />
		<ctl name="RX4 Digital Volume" value="84" />
		<ctl name="RX3 Digital Volume" value="84" />
		<ctl name="SPK DRV Volume" value="20" />
	</path>

	<path name="VoLTE-video-speaker-extra-vol">
		<path name="spk" />
		<ctl name="RX4 Digital Volume" value="84" />
		<ctl name="RX3 Digital Volume" value="84" />
		<ctl name="SPK DRV Volume" value="20" />
	</path>

	<path name="VoLTE-video-headset">
		<path name="ear" />
		<ctl name="HPHL Volume" value="14" />
		<ctl name="HPHR Volume" value="14" />
		<ctl name="RX1 Digital Volume" value="84" />
		<ctl name="RX2 Digital Volume" value="84" />
	</path>

	<!-- TX part -->
	<path name="VoLTE-video-main-mic">
		<path name="main-mic" />
		<ctl name="ADC1 Volume" value="19" />
		<ctl name="DEC6 Volume" value="84" />
	</path>

	<path name="VoLTE-video-sub-mic">
		<path name="sub-mic" />
		<ctl name="ADC4 Volume" value="19" />
		<ctl name="DEC3 Volume" value="94" />
	</path>

	<path name="VoLTE-video-headphone-mic">
		<path name="main-mic" />
		<ctl name="ADC1 Volume" value="19" />
		<ctl name="DEC6 Volume" value="84" />
	</path>

	<path name="VoLTE-video-headset-mic">
		<path name="ear-mic" />
		<ctl name="ADC2 Volume" value="12" />
		<ctl name="DEC5 Volume" value="84" />
	</path>

	<path name="VoLTE-video-NS-mic-handset">
		<path name="main-mic" />
		<path name="sub-mic" />
		<ctl name="SLIM_0_TX Channels" value="Two" />
		<ctl name="ADC1 Volume" value="19" />
		<ctl name="DEC6 Volume" value="84" />
		<ctl name="ADC3 Volume" value="19" />
		<ctl name="DEC4 Volume" value="84" />
		<ctl name="TX3 HPF cut off" value="MIN_3DB_150Hz" />
		<ctl name="TX4 HPF cut off" value="MIN_3DB_150Hz" />
		<ctl name="TX5 HPF cut off" value="MIN_3DB_150Hz" />
	</path>

	<path name="VoLTE-video-NS-mic-speaker">
		<path name="sub-mic" />
		<path name="3rd-mic" />
		<ctl name="SLIM_0_TX Channels" value="Two" />
		<ctl name="ADC4 Volume" value="16" />
		<ctl name="DEC3 Volume" value="84" />
		<ctl name="ADC3 Volume" value="16" />
		<ctl name="DEC4 Volume" value="84" />
	</path>
	<!-- end of VoLTE Video call Scenario	-->

	<!-- ================================================================ -->
	<!-- TTY Scenario	-->
	<!-- RX part -->
	<path name="TTY-handset">
		<path name="rcv" />
		<ctl name="EAR PA Gain" value="POS_6_DB" />
		<ctl name="RX1 Digital Volume" value="83" />
	</path>

	<path name="TTY-handset-extra-vol">
		<path name="rcv" />
		<ctl name="EAR PA Gain" value="POS_3_DB" />
		<ctl name="RX1 Digital Volume" value="84" />
	</path>

	<path name="TTY-headset">
		<path name="ear" />
		<ctl name="TTY Mode" value="VCO" />
		<ctl name="SLIM_0_RX Channels" value="One" />
		<ctl name="HPHL Volume" value="16" />
		<ctl name="RX1 Digital Volume" value="83" />
	</path>

	<path name="TTY-full">
		<path name="ear" />
		<ctl name="TTY Mode" value="FULL" />
		<ctl name="SLIM_0_RX Channels" value="One" />
		<ctl name="HPHL Volume" value="16" />
		<ctl name="RX1 Digital Volume" value="83" />
	</path>

	<!-- TX part -->
	<path name="TTY-vco-mic">
		<path name="main-mic" />
		<ctl name="ADC1 Volume" value="19" />
		<ctl name="DEC1 Volume" value="84" />
	</path>

	<path name="TTY-headset-mic">
		<path name="ear-mic" />
		<ctl name="TTY Mode" value="HCO" />
		<ctl name="ADC2 Volume" value="19" />
		<ctl name="DEC1 Volume" value="83" />
	</path>

	<path name="TTY-full-mic">
		<path name="ear-mic" />
		<ctl name="ADC2 Volume" value="19" />
		<ctl name="DEC1 Volume" value="83" />
	</path>
	<!-- end of TTY Scenario -->

	<!-- ================================================================ -->
	<!-- VoIP Scenario -->
	<!-- RX part -->
	<path name="voip-handset-comm">
		<path name="rcv" />
		<ctl name="SLIM_0_RX Channels" value="One" />
		<ctl name="EAR PA Gain" value="POS_2_DB" />
		<ctl name="RX1 Digital Volume" value="83" />
		<ctl name="DAC1 Switch" value="1" />
	</path>

	<path name="voip-speaker-comm">
		<path name="spk" />
		<ctl name="RX4 Digital Volume" value="83" />
		<ctl name="SPK DRV Volume" value="8" />
	</path>

	<path name="voip-headset-comm">
		<path name="ear" />
		<ctl name="HPHL DAC Switch" value="1" />
		<ctl name="HPHL Volume" value="16" />
		<ctl name="HPHR Volume" value="16" />
		<ctl name="RX1 Digital Volume" value="83" />
		<ctl name="RX2 Digital Volume" value="83" />
	</path>

	<path name="voip-handset-others">
		<path name="rcv" />
		<ctl name="EAR PA Gain" value="POS_2_DB" />
		<ctl name="RX1 Digital Volume" value="83" />
	</path>

	<path name="voip-speaker-others">
		<path name="spk" />
		<ctl name="RX4 Digital Volume" value="83" />
		<ctl name="SPK DRV Volume" value="8" />
	</path>

	<path name="voip-headset-others">
		<path name="ear" />
		<ctl name="HPHL Volume" value="16" />
		<ctl name="HPHR Volume" value="16" />
		<ctl name="RX1 Digital Volume" value="83" />
		<ctl name="RX2 Digital Volume" value="83" />
	</path>

	<path name="voip-handset-chaton">
		<path name="rcv" />
		<ctl name="EAR PA Gain" value="POS_3_DB" />
		<ctl name="RX1 Digital Volume" value="84" />
	</path>

	<path name="voip-speaker-chaton">
		<path name="spk" />
		<ctl name="RX4 Digital Volume" value="84" />
		<ctl name="RX3 Digital Volume" value="84" />
		<ctl name="SPK DRV Volume" value="20" />
	</path>

	<path name="voip-headset-chaton">
		<path name="ear" />
		<ctl name="HPHL Volume" value="15" />
		<ctl name="HPHR Volume" value="15" />
		<ctl name="RX1 Digital Volume" value="84" />
		<ctl name="RX2 Digital Volume" value="84" />
	</path>

	<path name="voip-handset-carrier">
		<path name="rcv" />
		<ctl name="EAR PA Gain" value="POS_2_DB" />
		<ctl name="RX1 Digital Volume" value="83" />
	</path>

	<path name="voip-speaker-carrier">
		<path name="spk" />
		<ctl name="RX4 Digital Volume" value="83" />
		<ctl name="SPK DRV Volume" value="8" />
	</path>

	<path name="voip-headset-carrier">
		<path name="ear" />
		<ctl name="HPHL Volume" value="16" />
		<ctl name="HPHR Volume" value="16" />
		<ctl name="RX1 Digital Volume" value="83" />
		<ctl name="RX2 Digital Volume" value="83" />
	</path>

	<path name="voip-speaker-webex">
		<path name="spk" />
	</path>
	
	<path name="voip-headset-webex">
		<path name="ear" />
	</path>	
	
	<!-- TX part -->
	<path name="voip-main-mic-comm">
		<path name="main-mic" />
		<ctl name="ADC1 Volume" value="19" />
		<ctl name="DEC1 Volume" value="83" />
	</path>

	<path name="voip-sub-mic-comm">
		<path name="sub-mic" />
		<ctl name="ADC3 Volume" value="19" />
		<ctl name="DEC4 Volume" value="84" />
		<ctl name="TX3 HPF cut off" value="MIN_3DB_150Hz" />
		<ctl name="TX4 HPF cut off" value="MIN_3DB_150Hz" />
		<ctl name="TX5 HPF cut off" value="MIN_3DB_150Hz" />
	</path>

	<path name="voip-headphone-mic-comm">
		<path name="main-mic" />
		<ctl name="ADC1 Volume" value="19" />
		<ctl name="DEC6 Volume" value="83" />
	</path>

	<path name="voip-headset-mic-comm">
		<path name="ear-mic" />
		<ctl name="ADC2 Volume" value="19" />
		<ctl name="DEC5 Volume" value="83" />
		<ctl name="IIR1 INP1 MUX" value="ZERO" />
	</path>

	<path name="voip-main-mic-others">
		<path name="main-mic" />
		<ctl name="ADC1 Volume" value="19" />
		<ctl name="DEC1 Volume" value="83" />
	</path>

	<path name="voip-sub-mic-others">
		<path name="sub-mic" />
		<ctl name="ADC3 Volume" value="19" />
		<ctl name="DEC4 Volume" value="84" />
		<ctl name="TX3 HPF cut off" value="MIN_3DB_150Hz" />
		<ctl name="TX4 HPF cut off" value="MIN_3DB_150Hz" />
		<ctl name="TX5 HPF cut off" value="MIN_3DB_150Hz" />
	</path>

	<path name="voip-headphone-mic-others">
		<path name="main-mic" />
		<ctl name="ADC1 Volume" value="19" />
		<ctl name="DEC1 Volume" value="83" />
	</path>

	<path name="voip-headset-mic-others">
		<path name="ear-mic" />
		<ctl name="ADC2 Volume" value="19" />
		<ctl name="DEC1 Volume" value="83" />
	</path>

	<path name="voip-main-mic-chaton">
		<path name="main-mic" />
		<ctl name="ADC1 Volume" value="12" />
		<ctl name="DEC6 Volume" value="84" />
	</path>

	<path name="voip-sub-mic-chaton">
		<path name="sub-mic" />
		<ctl name="ADC3 Volume" value="12" />
		<ctl name="DEC4 Volume" value="84" />
		<ctl name="TX3 HPF cut off" value="MIN_3DB_150Hz" />
		<ctl name="TX4 HPF cut off" value="MIN_3DB_150Hz" />
		<ctl name="TX5 HPF cut off" value="MIN_3DB_150Hz" />
	</path>

	<path name="voip-headphone-mic-chaton">
		<path name="main-mic" />
		<ctl name="ADC1 Volume" value="17" />
		<ctl name="DEC6 Volume" value="84" />
	</path>

	<path name="voip-headset-mic-chaton">
		<path name="ear-mic" />
		<ctl name="ADC2 Volume" value="15" />
		<ctl name="DEC5 Volume" value="84" />
	</path>

	<path name="voip-main-mic-carrier">
		<path name="main-mic" />
		<ctl name="ADC1 Volume" value="19" />
		<ctl name="DEC1 Volume" value="83" />
	</path>

	<path name="voip-sub-mic-carrier">
		<path name="sub-mic" />
		<ctl name="ADC3 Volume" value="16" />
		<ctl name="DEC4 Volume" value="84" />
	</path>

	<path name="voip-headphone-mic-carrier">
		<path name="main-mic" />
		<ctl name="ADC1 Volume" value="19" />
		<ctl name="DEC6 Volume" value="83" />
	</path>

	<path name="voip-headset-mic-carrier">
		<path name="ear-mic" />
		<ctl name="ADC2 Volume" value="19" />
		<ctl name="DEC1 Volume" value="83" />
	</path>
	<path name="voip-headphone-mic-webex">
		<path name="main-mic" />
	</path>

	<path name="voip-main-mic-webex">
		<path name="main-mic" />
	</path>

	<path name="voip-headset-mic-webex">
		<path name="ear-mic" />
	</path>	
	<!-- end of VoIP Scenario -->

	<!-- ================================================================ -->
	<!-- Factory Scenario -->
	<!-- RX part -->
	<path name="loopback-handset-DSP">
		<path name="rcv" />
		<ctl name="EAR PA Gain" value="POS_2_DB" />
		<ctl name="RX1 Digital Volume" value="102" />
	</path>

	<path name="loopback-speaker-DSP">
		<path name="spk" />
		<ctl name="RX4 Digital Volume" value="92" />
		<ctl name="SPK DRV Volume" value="8" />
	</path>

	<path name="loopback-headset-DSP">
		<path name="ear" />
		<ctl name="HPHL Volume" value="16" />
		<ctl name="HPHR Volume" value="16" />
		<ctl name="RX1 Digital Volume" value="83" />
		<ctl name="RX2 Digital Volume" value="83" />
	</path>

	<path name="loopback-handset">
		<path name="rcv" />
		<ctl name="EAR PA Gain" value="POS_3_DB" />
		<ctl name="DAC1 Switch" value="1" />
		<ctl name="RX1 Digital Volume" value="84" />
	</path>

	<path name="loopback-speaker">
		<path name="spk" />
		<ctl name="RX4 Digital Volume" value="83" />
		<ctl name="SPK DRV Volume" value="8" />
	</path>

	<path name="loopback-headset">
		<path name="ear" />
		<ctl name="HPHL Volume" value="16" />
		<ctl name="HPHR Volume" value="16" />
		<ctl name="RX1 Digital Volume" value="83" />
		<ctl name="RX2 Digital Volume" value="83" />
	</path>

	<!-- TX part -->
	<path name="loopback-main-mic-DSP">
		<path name="main-mic" />
		<ctl name="SLIM TX1 MUX" value="DEC4" />
		<ctl name="DEC4 MUX" value="ADC1" />
		<ctl name="ADC1 Volume" value="10" />
		<ctl name="DEC4 Volume" value="84" />
	</path>

	<path name="loopback-sub-mic-DSP">
		<path name="sub-mic" />
		<ctl name="ADC3 Volume" value="19" />
		<ctl name="DEC4 Volume" value="84" />
	</path>

	<path name="loopback-3rd-mic-DSP">
		<path name="3rd-mic" />
		<ctl name="ADC4 Volume" value="19" />
		<ctl name="DEC3 Volume" value="84" />
	</path>

	<path name="loopback-headphone-mic-DSP">
		<path name="main-mic" />
		<ctl name="ADC1 Volume" value="19" />
		<ctl name="DEC6 Volume" value="74" />
	</path>

	<path name="loopback-headset-mic-DSP">
		<path name="ear-mic" />
		<ctl name="SLIM TX1 MUX" value="DEC4" />
		<ctl name="DEC4 MUX" value="ADC2" />
		<ctl name="ADC2 Volume" value="15" />
		<ctl name="DEC4 Volume" value="84" />
	</path>

	<path name="loopback-main-mic">
		<path name="main-mic" />
		<ctl name="ADC1 Volume" value="19" />
		<ctl name="DEC6 Volume" value="83" />
	</path>

	<path name="loopback-sub-mic">
		<path name="sub-mic" />
		<ctl name="ADC3 Volume" value="19" />
		<ctl name="DEC4 Volume" value="84" />
	</path>

	<path name="loopback-3rd-mic">
		<path name="3rd-mic" />
		<ctl name="ADC4 Volume" value="19" />
		<ctl name="DEC3 Volume" value="84" />
	</path>

	<path name="loopback-headphone-mic">
		<path name="main-mic" />
		<ctl name="DEC1 MUX" value="ADC2" />
		<ctl name="ADC2 Volume" value="19" />
		<ctl name="DEC1 Volume" value="83" />
	</path>

	<path name="loopback-headset-mic">
		<path name="ear-mic" />
		<ctl name="ADC2 Volume" value="19" />
		<ctl name="DEC1 Volume" value="83" />
	</path>

	<!-- end of Factory Scenario -->

	<path name="voice-rx">
	</path>

	<path name="voice-tx">
	</path>

	<path name="bt-sco-headset">
	</path>

	<path name="bt-sco-mic">
	</path>

	<path name="bt-sco-headset-wb">
	</path>

	<path name="bt-sco-mic-wb">
	</path>

	<path name="usb-headset-mic">
	</path>

	<path name="dummy">
	</path>

</mixer>
